Userid,Acessos no Mês,Arquivos Visualizados no Mês,Universidade,Curso,Usuário Pagante?,Semestre Atual,Semestre Total
3508,5,0,UFMG - Universidade Federal de Minas Gerais,Administração,Não,4,8
3560,11,0,UFMG - Universidade Federal de Minas Gerais,Administração,Não,6,8
3552,11,1,UFMG - Universidade Federal de Minas Gerais,Administração,Sim,4,8
3425,1,3,UFMG - Universidade Federal de Minas Gerais,Administração,Não,1,8
3452,16,4,UFMG - Universidade Federal de Minas Gerais,Administração,Não,1,8
3672,12,7,UFMG - Universidade Federal de Minas Gerais,Administração,Sim,3,8
3440,17,7,UFMG - Universidade Federal de Minas Gerais,Administração,Não,4,8
3420,5,9,UFMG - Universidade Federal de Minas Gerais,Administração,Sim,1,8
3604,7,9,UFMG - Universidade Federal de Minas Gerais,Administração,Não,5,8
3409,11,9,UFMG - Universidade Federal de Minas Gerais,Administração,Não,1,8
3448,1,10,UFMG - Universidade Federal de Minas Gerais,Administração,Não,4,8
3441,17,10,UFMG - Universidade Federal de Minas Gerais,Administração,Sim,2,8
3673,5,11,UFMG - Universidade Federal de Minas Gerais,Administração,Não,2,8
3417,24,11,UFMG - Universidade Federal de Minas Gerais,Administração,Sim,2,8
3492,23,13,UFMG - Universidade Federal de Minas Gerais,Administração,Sim,4,8
3641,1,13,UFMG - Universidade Federal de Minas Gerais,Administração,Não,4,8
3593,17,13,UFMG - Universidade Federal de Minas Gerais,Administração,Não,4,8
3600,5,14,UFMG - Universidade Federal de Minas Gerais,Administração,Sim,1,8
3636,10,14,UFMG - Universidade Federal de Minas Gerais,Administração,Sim,1,8
3436,9,14,UFMG - Universidade Federal de Minas Gerais,Administração,Não,8,8
3427,4,16,UFMG - Universidade Federal de Minas Gerais,Administração,Não,6,8
3402,5,16,UFMG - Universidade Federal de Minas Gerais,Administração,Sim,2,8
3454,5,16,UFMG - Universidade Federal de Minas Gerais,Administração,Não,7,8
3480,18,17,UFMG - Universidade Federal de Minas Gerais,Administração,Sim,7,8
3628,16,19,UFMG - Universidade Federal de Minas Gerais,Administração,Não,4,8
3538,14,19,UFMG - Universidade Federal de Minas Gerais,Administração,Não,4,8
3442,17,20,UFMG - Universidade Federal de Minas Gerais,Administração,Não,8,8
3620,8,21,UFMG - Universidade Federal de Minas Gerais,Administração,Não,7,8
3681,22,21,UFMG - Universidade Federal de Minas Gerais,Administração,Sim,2,8
3661,6,22,UFMG - Universidade Federal de Minas Gerais,Administração,Não,5,8
3576,3,24,UFMG - Universidade Federal de Minas Gerais,Administração,Sim,5,8
3575,12,25,UFMG - Universidade Federal de Minas Gerais,Administração,Não,8,8
3633,16,27,UFMG - Universidade Federal de Minas Gerais,Administração,Sim,7,8
3683,5,28,UFMG - Universidade Federal de Minas Gerais,Administração,Não,6,8
3627,7,28,UFMG - Universidade Federal de Minas Gerais,Administração,Sim,3,8
3581,15,29,UFMG - Universidade Federal de Minas Gerais,Administração,Não,7,8
3539,3,30,UFMG - Universidade Federal de Minas Gerais,Administração,Não,6,8
3434,8,30,UFMG - Universidade Federal de Minas Gerais,Administração,Não,5,8
3684,30,30,UFMG - Universidade Federal de Minas Gerais,Administração,Sim,8,8
3613,17,32,UFMG - Universidade Federal de Minas Gerais,Administração,Não,2,8
3501,13,32,UFMG - Universidade Federal de Minas Gerais,Administração,Sim,7,8
3556,17,32,UFMG - Universidade Federal de Minas Gerais,Administração,Não,4,8
3571,8,33,UFMG - Universidade Federal de Minas Gerais,Administração,Não,4,8
3451,16,33,UFMG - Universidade Federal de Minas Gerais,Administração,Não,6,8
3447,25,33,UFMG - Universidade Federal de Minas Gerais,Administração,Sim,5,8
3549,23,34,UFMG - Universidade Federal de Minas Gerais,Administração,Sim,6,8
3563,14,34,UFMG - Universidade Federal de Minas Gerais,Administração,Não,2,8
3467,4,36,UFMG - Universidade Federal de Minas Gerais,Administração,Não,8,8
3649,5,37,UFMG - Universidade Federal de Minas Gerais,Administração,Não,3,8
3659,16,37,UFMG - Universidade Federal de Minas Gerais,Administração,Não,2,8
3404,9,38,UFMG - Universidade Federal de Minas Gerais,Administração,Não,2,8
3515,7,39,UFMG - Universidade Federal de Minas Gerais,Administração,Não,2,8
3625,8,42,UFMG - Universidade Federal de Minas Gerais,Administração,Não,7,8
3460,2,43,UFMG - Universidade Federal de Minas Gerais,Administração,Não,1,8
3624,19,44,UFMG - Universidade Federal de Minas Gerais,Administração,Sim,2,8
3391,14,46,UFMG - Universidade Federal de Minas Gerais,Administração,Não,8,8
3534,10,47,UFMG - Universidade Federal de Minas Gerais,Administração,Sim,7,8
3521,3,48,UFMG - Universidade Federal de Minas Gerais,Administração,Não,6,8
3630,2,49,UFMG - Universidade Federal de Minas Gerais,Administração,Sim,1,8
3509,14,49,UFMG - Universidade Federal de Minas Gerais,Administração,Não,1,8
3445,7,50,UFMG - Universidade Federal de Minas Gerais,Administração,Não,2,8
3664,1,50,UFMG - Universidade Federal de Minas Gerais,Administração,Não,5,8
3487,4,50,UFMG - Universidade Federal de Minas Gerais,Administração,Não,2,8
3592,15,52,UFMG - Universidade Federal de Minas Gerais,Administração,Não,1,8
3472,13,53,UFMG - Universidade Federal de Minas Gerais,Administração,Não,4,8
3421,12,54,UFMG - Universidade Federal de Minas Gerais,Administração,Não,8,8
3612,29,54,UFMG - Universidade Federal de Minas Gerais,Administração,Sim,7,8
3493,1,55,UFMG - Universidade Federal de Minas Gerais,Administração,Não,7,8
3682,15,55,UFMG - Universidade Federal de Minas Gerais,Administração,Não,2,8
3530,17,55,UFMG - Universidade Federal de Minas Gerais,Administração,Não,6,8
3443,5,55,UFMG - Universidade Federal de Minas Gerais,Administração,Não,8,8
3439,1,56,UFMG - Universidade Federal de Minas Gerais,Administração,Não,2,8
3674,1,56,UFMG - Universidade Federal de Minas Gerais,Administração,Não,8,8
3476,6,56,UFMG - Universidade Federal de Minas Gerais,Administração,Não,6,8
3614,13,56,UFMG - Universidade Federal de Minas Gerais,Administração,Não,3,8
3475,7,59,UFMG - Universidade Federal de Minas Gerais,Administração,Não,2,8
3416,7,59,UFMG - Universidade Federal de Minas Gerais,Administração,Não,5,8
3660,5,68,UFMG - Universidade Federal de Minas Gerais,Administração,Sim,1,8
3648,10,80,UFMG - Universidade Federal de Minas Gerais,Administração,Sim,7,8
3579,6,83,UFMG - Universidade Federal de Minas Gerais,Administração,Sim,4,8
3471,25,86,UFMG - Universidade Federal de Minas Gerais,Administração,Sim,7,8
3474,26,93,UFMG - Universidade Federal de Minas Gerais,Administração,Sim,8,8
3465,20,95,UFMG - Universidade Federal de Minas Gerais,Administração,Sim,1,8
3525,1,96,UFMG - Universidade Federal de Minas Gerais,Administração,Sim,2,8
3399,22,100,UFMG - Universidade Federal de Minas Gerais,Administração,Sim,2,8
3513,26,100,UFMG - Universidade Federal de Minas Gerais,Administração,Sim,8,8
3601,16,2,UFRJ - Universidade Federal do Rio de Janeiro,Administração,Não,7,8
3412,9,4,UFRJ - Universidade Federal do Rio de Janeiro,Administração,Não,4,8
3635,13,4,UFRJ - Universidade Federal do Rio de Janeiro,Administração,Não,2,8
3545,14,4,UFRJ - Universidade Federal do Rio de Janeiro,Administração,Não,7,8
3562,2,5,UFRJ - Universidade Federal do Rio de Janeiro,Administração,Não,3,8
3459,27,6,UFRJ - Universidade Federal do Rio de Janeiro,Administração,Sim,6,8
3424,7,7,UFRJ - Universidade Federal do Rio de Janeiro,Administração,Não,3,8
3479,6,8,UFRJ - Universidade Federal do Rio de Janeiro,Administração,Não,6,8
3667,8,8,UFRJ - Universidade Federal do Rio de Janeiro,Administração,Não,2,8
3584,2,9,UFRJ - Universidade Federal do Rio de Janeiro,Administração,Não,7,8
3565,7,11,UFRJ - Universidade Federal do Rio de Janeiro,Administração,Não,1,8
3505,18,11,UFRJ - Universidade Federal do Rio de Janeiro,Administração,Não,6,8
3523,2,12,UFRJ - Universidade Federal do Rio de Janeiro,Administração,Não,1,8
3484,8,13,UFRJ - Universidade Federal do Rio de Janeiro,Administração,Não,4,8
3588,28,16,UFRJ - Universidade Federal do Rio de Janeiro,Administração,Sim,6,8
3598,2,17,UFRJ - Universidade Federal do Rio de Janeiro,Administração,Não,8,8
3680,3,18,UFRJ - Universidade Federal do Rio de Janeiro,Administração,Não,1,8
3449,2,19,UFRJ - Universidade Federal do Rio de Janeiro,Administração,Não,3,8
3462,11,19,UFRJ - Universidade Federal do Rio de Janeiro,Administração,Sim,2,8
3597,18,20,UFRJ - Universidade Federal do Rio de Janeiro,Administração,Sim,1,8
3478,8,22,UFRJ - Universidade Federal do Rio de Janeiro,Administração,Não,3,8
3413,16,22,UFRJ - Universidade Federal do Rio de Janeiro,Administração,Não,6,8
3438,27,24,UFRJ - Universidade Federal do Rio de Janeiro,Administração,Sim,1,8
3429,2,27,UFRJ - Universidade Federal do Rio de Janeiro,Administração,Sim,1,8
3557,5,29,UFRJ - Universidade Federal do Rio de Janeiro,Administração,Não,1,8
3618,22,30,UFRJ - Universidade Federal do Rio de Janeiro,Administração,Sim,4,8
3394,8,32,UFRJ - Universidade Federal do Rio de Janeiro,Administração,Não,8,8
3608,18,33,UFRJ - Universidade Federal do Rio de Janeiro,Administração,Não,3,8
3536,6,34,UFRJ - Universidade Federal do Rio de Janeiro,Administração,Não,1,8
3642,7,35,UFRJ - Universidade Federal do Rio de Janeiro,Administração,Sim,4,8
3689,7,37,UFRJ - Universidade Federal do Rio de Janeiro,Administração,Não,2,8
3437,1,38,UFRJ - Universidade Federal do Rio de Janeiro,Administração,Não,6,8
3490,2,38,UFRJ - Universidade Federal do Rio de Janeiro,Administração,Não,4,8
3637,2,38,UFRJ - Universidade Federal do Rio de Janeiro,Administração,Não,8,8
3403,4,39,UFRJ - Universidade Federal do Rio de Janeiro,Administração,Não,8,8
3453,4,39,UFRJ - Universidade Federal do Rio de Janeiro,Administração,Sim,5,8
3400,17,41,UFRJ - Universidade Federal do Rio de Janeiro,Administração,Não,4,8
3411,17,41,UFRJ - Universidade Federal do Rio de Janeiro,Administração,Sim,7,8
3499,11,41,UFRJ - Universidade Federal do Rio de Janeiro,Administração,Não,4,8
3461,5,42,UFRJ - Universidade Federal do Rio de Janeiro,Administração,Não,7,8
3574,6,43,UFRJ - Universidade Federal do Rio de Janeiro,Administração,Não,4,8
3502,10,44,UFRJ - Universidade Federal do Rio de Janeiro,Administração,Não,6,8
3522,24,45,UFRJ - Universidade Federal do Rio de Janeiro,Administração,Sim,7,8
3586,1,47,UFRJ - Universidade Federal do Rio de Janeiro,Administração,Não,7,8
3393,13,47,UFRJ - Universidade Federal do Rio de Janeiro,Administração,Sim,4,8
3655,1,47,UFRJ - Universidade Federal do Rio de Janeiro,Administração,Não,3,8
3650,6,48,UFRJ - Universidade Federal do Rio de Janeiro,Administração,Não,1,8
3670,10,48,UFRJ - Universidade Federal do Rio de Janeiro,Administração,Não,8,8
3551,9,49,UFRJ - Universidade Federal do Rio de Janeiro,Administração,Não,5,8
3610,5,50,UFRJ - Universidade Federal do Rio de Janeiro,Administração,Não,5,8
3406,10,50,UFRJ - Universidade Federal do Rio de Janeiro,Administração,Não,7,8
3578,3,52,UFRJ - Universidade Federal do Rio de Janeiro,Administração,Não,7,8
3657,12,53,UFRJ - Universidade Federal do Rio de Janeiro,Administração,Sim,7,8
3477,23,53,UFRJ - Universidade Federal do Rio de Janeiro,Administração,Sim,3,8
3609,2,54,UFRJ - Universidade Federal do Rio de Janeiro,Administração,Sim,2,8
3392,8,55,UFRJ - Universidade Federal do Rio de Janeiro,Administração,Não,6,8
3488,16,55,UFRJ - Universidade Federal do Rio de Janeiro,Administração,Não,2,8
3543,28,55,UFRJ - Universidade Federal do Rio de Janeiro,Administração,Sim,7,8
3455,4,55,UFRJ - Universidade Federal do Rio de Janeiro,Administração,Não,1,8
3550,18,55,UFRJ - Universidade Federal do Rio de Janeiro,Administração,Não,5,8
3491,6,56,UFRJ - Universidade Federal do Rio de Janeiro,Administração,Não,7,8
3518,4,57,UFRJ - Universidade Federal do Rio de Janeiro,Administração,Não,7,8
3481,3,59,UFRJ - Universidade Federal do Rio de Janeiro,Administração,Não,7,8
3686,10,59,UFRJ - Universidade Federal do Rio de Janeiro,Administração,Não,8,8
3653,14,59,UFRJ - Universidade Federal do Rio de Janeiro,Administração,Não,8,8
3464,8,60,UFRJ - Universidade Federal do Rio de Janeiro,Administração,Não,2,8
3626,8,60,UFRJ - Universidade Federal do Rio de Janeiro,Administração,Não,5,8
3435,7,63,UFRJ - Universidade Federal do Rio de Janeiro,Administração,Sim,5,8
3489,10,79,UFRJ - Universidade Federal do Rio de Janeiro,Administração,Sim,8,8
3495,16,79,UFRJ - Universidade Federal do Rio de Janeiro,Administração,Sim,2,8
3582,7,86,UFRJ - Universidade Federal do Rio de Janeiro,Administração,Sim,5,8
3483,16,87,UFRJ - Universidade Federal do Rio de Janeiro,Administração,Sim,1,8
3396,23,93,UFRJ - Universidade Federal do Rio de Janeiro,Administração,Sim,8,8
3418,4,1,UFSC - Universidade Federal de Santa Catarina,Administração,Não,1,8
3485,13,1,UFSC - Universidade Federal de Santa Catarina,Administração,Não,4,8
3631,12,1,UFSC - Universidade Federal de Santa Catarina,Administração,Não,4,8
3640,5,2,UFSC - Universidade Federal de Santa Catarina,Administração,Não,1,8
3567,20,5,UFSC - Universidade Federal de Santa Catarina,Administração,Sim,7,8
3544,1,5,UFSC - Universidade Federal de Santa Catarina,Administração,Não,7,8
3587,4,5,UFSC - Universidade Federal de Santa Catarina,Administração,Não,4,8
3526,17,6,UFSC - Universidade Federal de Santa Catarina,Administração,Não,1,8
3668,7,7,UFSC - Universidade Federal de Santa Catarina,Administração,Não,8,8
3623,17,8,UFSC - Universidade Federal de Santa Catarina,Administração,Não,2,8
3569,16,9,UFSC - Universidade Federal de Santa Catarina,Administração,Não,8,8
3497,8,10,UFSC - Universidade Federal de Santa Catarina,Administração,Não,1,8
3596,8,10,UFSC - Universidade Federal de Santa Catarina,Administração,Não,7,8
3397,13,11,UFSC - Universidade Federal de Santa Catarina,Administração,Não,3,8
3585,7,12,UFSC - Universidade Federal de Santa Catarina,Administração,Sim,8,8
3658,7,12,UFSC - Universidade Federal de Santa Catarina,Administração,Não,8,8
3548,12,13,UFSC - Universidade Federal de Santa Catarina,Administração,Não,7,8
3407,7,14,UFSC - Universidade Federal de Santa Catarina,Administração,Não,7,8
3677,4,16,UFSC - Universidade Federal de Santa Catarina,Administração,Não,3,8
3580,7,17,UFSC - Universidade Federal de Santa Catarina,Administração,Não,6,8
3644,7,17,UFSC - Universidade Federal de Santa Catarina,Administração,Não,6,8
3422,7,19,UFSC - Universidade Federal de Santa Catarina,Administração,Não,8,8
3428,8,19,UFSC - Universidade Federal de Santa Catarina,Administração,Não,6,8
3594,9,21,UFSC - Universidade Federal de Santa Catarina,Administração,Sim,7,8
3621,22,22,UFSC - Universidade Federal de Santa Catarina,Administração,Sim,8,8
3516,30,23,UFSC - Universidade Federal de Santa Catarina,Administração,Sim,5,8
3398,8,23,UFSC - Universidade Federal de Santa Catarina,Administração,Não,1,8
3470,12,23,UFSC - Universidade Federal de Santa Catarina,Administração,Não,2,8
3599,2,24,UFSC - Universidade Federal de Santa Catarina,Administração,Não,7,8
3547,4,24,UFSC - Universidade Federal de Santa Catarina,Administração,Não,8,8
3512,4,26,UFSC - Universidade Federal de Santa Catarina,Administração,Não,2,8
3541,17,28,UFSC - Universidade Federal de Santa Catarina,Administração,Não,5,8
3419,11,29,UFSC - Universidade Federal de Santa Catarina,Administração,Não,1,8
3395,5,29,UFSC - Universidade Federal de Santa Catarina,Administração,Não,3,8
3643,18,29,UFSC - Universidade Federal de Santa Catarina,Administração,Não,4,8
3500,1,31,UFSC - Universidade Federal de Santa Catarina,Administração,Não,6,8
3532,17,32,UFSC - Universidade Federal de Santa Catarina,Administração,Não,4,8
3652,7,35,UFSC - Universidade Federal de Santa Catarina,Administração,Não,6,8
3591,18,36,UFSC - Universidade Federal de Santa Catarina,Administração,Sim,7,8
3524,4,37,UFSC - Universidade Federal de Santa Catarina,Administração,Não,4,8
3590,2,38,UFSC - Universidade Federal de Santa Catarina,Administração,Não,3,8
3520,12,38,UFSC - Universidade Federal de Santa Catarina,Administração,Não,2,8
3506,6,39,UFSC - Universidade Federal de Santa Catarina,Administração,Não,5,8
3572,13,40,UFSC - Universidade Federal de Santa Catarina,Administração,Não,2,8
3466,3,41,UFSC - Universidade Federal de Santa Catarina,Administração,Não,7,8
3533,7,43,UFSC - Universidade Federal de Santa Catarina,Administração,Não,2,8
3415,13,43,UFSC - Universidade Federal de Santa Catarina,Administração,Não,5,8
3647,15,43,UFSC - Universidade Federal de Santa Catarina,Administração,Não,4,8
3494,10,44,UFSC - Universidade Federal de Santa Catarina,Administração,Não,8,8
3542,17,44,UFSC - Universidade Federal de Santa Catarina,Administração,Não,2,8
3607,11,44,UFSC - Universidade Federal de Santa Catarina,Administração,Não,6,8
3622,4,46,UFSC - Universidade Federal de Santa Catarina,Administração,Não,6,8
3589,11,46,UFSC - Universidade Federal de Santa Catarina,Administração,Não,5,8
3410,2,47,UFSC - Universidade Federal de Santa Catarina,Administração,Não,1,8
3615,24,47,UFSC - Universidade Federal de Santa Catarina,Administração,Sim,2,8
3583,14,47,UFSC - Universidade Federal de Santa Catarina,Administração,Não,2,8
3663,29,48,UFSC - Universidade Federal de Santa Catarina,Administração,Sim,7,8
3566,7,49,UFSC - Universidade Federal de Santa Catarina,Administração,Não,7,8
3414,20,49,UFSC - Universidade Federal de Santa Catarina,Administração,Sim,8,8
3568,4,49,UFSC - Universidade Federal de Santa Catarina,Administração,Não,4,8
3463,8,49,UFSC - Universidade Federal de Santa Catarina,Administração,Não,2,8
3685,2,50,UFSC - Universidade Federal de Santa Catarina,Administração,Não,3,8
3671,5,50,UFSC - Universidade Federal de Santa Catarina,Administração,Não,5,8
3390,25,52,UFSC - Universidade Federal de Santa Catarina,Administração,Sim,8,8
3553,5,52,UFSC - Universidade Federal de Santa Catarina,Administração,Não,3,8
3619,14,52,UFSC - Universidade Federal de Santa Catarina,Administração,Não,5,8
3632,13,53,UFSC - Universidade Federal de Santa Catarina,Administração,Não,5,8
3577,9,54,UFSC - Universidade Federal de Santa Catarina,Administração,Não,4,8
3675,18,55,UFSC - Universidade Federal de Santa Catarina,Administração,Sim,2,8
3482,7,55,UFSC - Universidade Federal de Santa Catarina,Administração,Não,7,8
3651,28,57,UFSC - Universidade Federal de Santa Catarina,Administração,Sim,8,8
3423,20,58,UFSC - Universidade Federal de Santa Catarina,Administração,Sim,3,8
3639,23,58,UFSC - Universidade Federal de Santa Catarina,Administração,Sim,3,8
3616,5,58,UFSC - Universidade Federal de Santa Catarina,Administração,Não,3,8
3514,13,58,UFSC - Universidade Federal de Santa Catarina,Administração,Não,3,8
3469,7,59,UFSC - Universidade Federal de Santa Catarina,Administração,Não,2,8
3656,15,59,UFSC - Universidade Federal de Santa Catarina,Administração,Não,8,8
3559,3,60,UFSC - Universidade Federal de Santa Catarina,Administração,Não,7,8
3634,13,60,UFSC - Universidade Federal de Santa Catarina,Administração,Não,8,8
3570,14,62,UFSC - Universidade Federal de Santa Catarina,Administração,Sim,4,8
3666,8,65,UFSC - Universidade Federal de Santa Catarina,Administração,Sim,4,8
3654,19,66,UFSC - Universidade Federal de Santa Catarina,Administração,Sim,3,8
3519,8,67,UFSC - Universidade Federal de Santa Catarina,Administração,Sim,6,8
3603,30,71,UFSC - Universidade Federal de Santa Catarina,Administração,Sim,4,8
3426,21,73,UFSC - Universidade Federal de Santa Catarina,Administração,Sim,6,8
3510,1,77,UFSC - Universidade Federal de Santa Catarina,Administração,Sim,2,8
3669,30,83,UFSC - Universidade Federal de Santa Catarina,Administração,Sim,7,8
3498,10,92,UFSC - Universidade Federal de Santa Catarina,Administração,Sim,5,8
3405,21,92,UFSC - Universidade Federal de Santa Catarina,Administração,Sim,2,8
3444,26,98,UFSC - Universidade Federal de Santa Catarina,Administração,Sim,5,8
3517,15,1,USP - Universidade de São Paulo,Administração,Não,3,8
3678,12,2,USP - Universidade de São Paulo,Administração,Sim,5,8
3401,17,3,USP - Universidade de São Paulo,Administração,Não,6,8
3431,8,4,USP - Universidade de São Paulo,Administração,Não,1,8
3446,8,5,USP - Universidade de São Paulo,Administração,Não,1,8
3540,3,6,USP - Universidade de São Paulo,Administração,Sim,7,8
3679,5,7,USP - Universidade de São Paulo,Administração,Não,7,8
3535,7,8,USP - Universidade de São Paulo,Administração,Não,4,8
3638,6,9,USP - Universidade de São Paulo,Administração,Não,7,8
3528,12,9,USP - Universidade de São Paulo,Administração,Sim,6,8
3558,15,9,USP - Universidade de São Paulo,Administração,Sim,3,8
3546,14,13,USP - Universidade de São Paulo,Administração,Sim,7,8
3456,10,18,USP - Universidade de São Paulo,Administração,Sim,1,8
3503,1,19,USP - Universidade de São Paulo,Administração,Não,8,8
3602,1,20,USP - Universidade de São Paulo,Administração,Não,5,8
3511,7,21,USP - Universidade de São Paulo,Administração,Não,1,8
3504,24,21,USP - Universidade de São Paulo,Administração,Sim,1,8
3573,29,21,USP - Universidade de São Paulo,Administração,Sim,2,8
3629,2,22,USP - Universidade de São Paulo,Administração,Não,1,8
3433,2,23,USP - Universidade de São Paulo,Administração,Não,8,8
3430,4,23,USP - Universidade de São Paulo,Administração,Não,8,8
3646,13,23,USP - Universidade de São Paulo,Administração,Não,4,8
3496,14,23,USP - Universidade de São Paulo,Administração,Não,8,8
3473,13,25,USP - Universidade de São Paulo,Administração,Não,1,8
3468,2,26,USP - Universidade de São Paulo,Administração,Sim,5,8
3687,21,29,USP - Universidade de São Paulo,Administração,Sim,8,8
3605,10,31,USP - Universidade de São Paulo,Administração,Não,1,8
3676,6,32,USP - Universidade de São Paulo,Administração,Não,7,8
3531,11,33,USP - Universidade de São Paulo,Administração,Sim,1,8
3595,18,34,USP - Universidade de São Paulo,Administração,Não,5,8
3529,4,38,USP - Universidade de São Paulo,Administração,Não,3,8
3606,9,39,USP - Universidade de São Paulo,Administração,Sim,5,8
3458,3,40,USP - Universidade de São Paulo,Administração,Não,4,8
3617,4,41,USP - Universidade de São Paulo,Administração,Não,5,8
3554,2,45,USP - Universidade de São Paulo,Administração,Não,4,8
3537,4,47,USP - Universidade de São Paulo,Administração,Sim,8,8
3408,26,53,USP - Universidade de São Paulo,Administração,Sim,2,8
3688,2,53,USP - Universidade de São Paulo,Administração,Não,4,8
3662,14,55,USP - Universidade de São Paulo,Administração,Não,7,8
3457,3,56,USP - Universidade de São Paulo,Administração,Não,4,8
3555,9,56,USP - Universidade de São Paulo,Administração,Sim,1,8
3665,10,57,USP - Universidade de São Paulo,Administração,Não,1,8
3611,15,57,USP - Universidade de São Paulo,Administração,Não,8,8
3645,9,58,USP - Universidade de São Paulo,Administração,Sim,4,8
3527,5,59,USP - Universidade de São Paulo,Administração,Não,7,8
3486,2,61,USP - Universidade de São Paulo,Administração,Sim,2,8
3507,4,61,USP - Universidade de São Paulo,Administração,Sim,2,8
3564,28,62,USP - Universidade de São Paulo,Administração,Sim,8,8
3450,7,64,USP - Universidade de São Paulo,Administração,Sim,2,8
3561,26,70,USP - Universidade de São Paulo,Administração,Sim,8,8
3432,7,100,USP - Universidade de São Paulo,Administração,Sim,5,8
3199,5,1,UFMG - Universidade Federal de Minas Gerais,Direito,Não,6,8
3233,18,6,UFMG - Universidade Federal de Minas Gerais,Direito,Não,8,8
3343,10,7,UFMG - Universidade Federal de Minas Gerais,Direito,Não,8,8
3290,14,8,UFMG - Universidade Federal de Minas Gerais,Direito,Não,1,8
3387,28,13,UFMG - Universidade Federal de Minas Gerais,Direito,Sim,1,8
3378,2,14,UFMG - Universidade Federal de Minas Gerais,Direito,Sim,6,8
3229,8,14,UFMG - Universidade Federal de Minas Gerais,Direito,Não,8,8
3335,16,15,UFMG - Universidade Federal de Minas Gerais,Direito,Não,1,8
3204,13,17,UFMG - Universidade Federal de Minas Gerais,Direito,Sim,7,8
3373,14,18,UFMG - Universidade Federal de Minas Gerais,Direito,Não,2,8
3203,10,19,UFMG - Universidade Federal de Minas Gerais,Direito,Não,6,8
3181,14,19,UFMG - Universidade Federal de Minas Gerais,Direito,Não,3,8
3163,11,20,UFMG - Universidade Federal de Minas Gerais,Direito,Não,4,8
3231,28,21,UFMG - Universidade Federal de Minas Gerais,Direito,Sim,2,8
3385,17,23,UFMG - Universidade Federal de Minas Gerais,Direito,Não,4,8
3236,13,25,UFMG - Universidade Federal de Minas Gerais,Direito,Não,3,8
3259,17,25,UFMG - Universidade Federal de Minas Gerais,Direito,Não,7,8
3347,13,27,UFMG - Universidade Federal de Minas Gerais,Direito,Não,2,8
3193,18,27,UFMG - Universidade Federal de Minas Gerais,Direito,Não,2,8
3294,26,27,UFMG - Universidade Federal de Minas Gerais,Direito,Sim,5,8
3252,3,30,UFMG - Universidade Federal de Minas Gerais,Direito,Sim,4,8
3227,5,30,UFMG - Universidade Federal de Minas Gerais,Direito,Não,6,8
3257,13,31,UFMG - Universidade Federal de Minas Gerais,Direito,Não,6,8
3170,10,32,UFMG - Universidade Federal de Minas Gerais,Direito,Não,8,8
3168,21,37,UFMG - Universidade Federal de Minas Gerais,Direito,Sim,3,8
3374,2,37,UFMG - Universidade Federal de Minas Gerais,Direito,Não,1,8
3323,13,37,UFMG - Universidade Federal de Minas Gerais,Direito,Não,5,8
3280,13,40,UFMG - Universidade Federal de Minas Gerais,Direito,Não,3,8
3202,11,40,UFMG - Universidade Federal de Minas Gerais,Direito,Não,8,8
3198,29,41,UFMG - Universidade Federal de Minas Gerais,Direito,Sim,3,8
3261,5,43,UFMG - Universidade Federal de Minas Gerais,Direito,Sim,8,8
3210,19,44,UFMG - Universidade Federal de Minas Gerais,Direito,Sim,4,8
3291,26,44,UFMG - Universidade Federal de Minas Gerais,Direito,Sim,4,8
3155,1,46,UFMG - Universidade Federal de Minas Gerais,Direito,Não,8,8
3306,12,46,UFMG - Universidade Federal de Minas Gerais,Direito,Sim,3,8
3255,16,46,UFMG - Universidade Federal de Minas Gerais,Direito,Sim,5,8
3179,5,47,UFMG - Universidade Federal de Minas Gerais,Direito,Não,5,8
3237,10,48,UFMG - Universidade Federal de Minas Gerais,Direito,Sim,4,8
3372,28,48,UFMG - Universidade Federal de Minas Gerais,Direito,Sim,6,8
3358,10,50,UFMG - Universidade Federal de Minas Gerais,Direito,Não,7,8
3366,14,51,UFMG - Universidade Federal de Minas Gerais,Direito,Sim,4,8
3360,23,53,UFMG - Universidade Federal de Minas Gerais,Direito,Sim,7,8
3158,5,53,UFMG - Universidade Federal de Minas Gerais,Direito,Não,4,8
3276,27,56,UFMG - Universidade Federal de Minas Gerais,Direito,Sim,1,8
3361,4,59,UFMG - Universidade Federal de Minas Gerais,Direito,Não,5,8
3383,4,59,UFMG - Universidade Federal de Minas Gerais,Direito,Não,6,8
3338,4,59,UFMG - Universidade Federal de Minas Gerais,Direito,Não,7,8
3365,14,59,UFMG - Universidade Federal de Minas Gerais,Direito,Não,2,8
3228,3,63,UFMG - Universidade Federal de Minas Gerais,Direito,Sim,2,8
3150,4,63,UFMG - Universidade Federal de Minas Gerais,Direito,Sim,2,8
3297,19,67,UFMG - Universidade Federal de Minas Gerais,Direito,Sim,8,8
3333,22,77,UFMG - Universidade Federal de Minas Gerais,Direito,Sim,3,8
3354,10,82,UFMG - Universidade Federal de Minas Gerais,Direito,Sim,4,8
3192,26,90,UFMG - Universidade Federal de Minas Gerais,Direito,Sim,4,8
3339,21,94,UFMG - Universidade Federal de Minas Gerais,Direito,Sim,6,8
3269,10,1,UFRJ - Universidade Federal do Rio de Janeiro,Direito,Não,4,8
3143,4,2,UFRJ - Universidade Federal do Rio de Janeiro,Direito,Não,1,8
3256,8,2,UFRJ - Universidade Federal do Rio de Janeiro,Direito,Não,1,8
3320,9,3,UFRJ - Universidade Federal do Rio de Janeiro,Direito,Não,5,8
3329,6,7,UFRJ - Universidade Federal do Rio de Janeiro,Direito,Não,1,8
3312,19,7,UFRJ - Universidade Federal do Rio de Janeiro,Direito,Sim,1,8
3167,13,10,UFRJ - Universidade Federal do Rio de Janeiro,Direito,Não,5,8
3368,16,12,UFRJ - Universidade Federal do Rio de Janeiro,Direito,Não,1,8
3184,16,15,UFRJ - Universidade Federal do Rio de Janeiro,Direito,Não,1,8
3281,15,17,UFRJ - Universidade Federal do Rio de Janeiro,Direito,Não,1,8
3220,18,19,UFRJ - Universidade Federal do Rio de Janeiro,Direito,Não,1,8
3224,15,20,UFRJ - Universidade Federal do Rio de Janeiro,Direito,Não,7,8
3153,28,20,UFRJ - Universidade Federal do Rio de Janeiro,Direito,Sim,8,8
3161,7,21,UFRJ - Universidade Federal do Rio de Janeiro,Direito,Não,5,8
3389,13,22,UFRJ - Universidade Federal do Rio de Janeiro,Direito,Não,8,8
3265,2,24,UFRJ - Universidade Federal do Rio de Janeiro,Direito,Não,4,8
3376,8,25,UFRJ - Universidade Federal do Rio de Janeiro,Direito,Não,4,8
3213,21,27,UFRJ - Universidade Federal do Rio de Janeiro,Direito,Sim,3,8
3382,14,29,UFRJ - Universidade Federal do Rio de Janeiro,Direito,Não,6,8
3151,9,29,UFRJ - Universidade Federal do Rio de Janeiro,Direito,Não,1,8
3271,13,30,UFRJ - Universidade Federal do Rio de Janeiro,Direito,Não,4,8
3328,16,31,UFRJ - Universidade Federal do Rio de Janeiro,Direito,Não,8,8
3332,4,33,UFRJ - Universidade Federal do Rio de Janeiro,Direito,Não,3,8
3364,6,34,UFRJ - Universidade Federal do Rio de Janeiro,Direito,Não,5,8
3177,11,35,UFRJ - Universidade Federal do Rio de Janeiro,Direito,Sim,7,8
3363,13,35,UFRJ - Universidade Federal do Rio de Janeiro,Direito,Sim,3,8
3248,1,35,UFRJ - Universidade Federal do Rio de Janeiro,Direito,Não,8,8
3196,8,35,UFRJ - Universidade Federal do Rio de Janeiro,Direito,Não,2,8
3285,12,36,UFRJ - Universidade Federal do Rio de Janeiro,Direito,Sim,6,8
3214,2,38,UFRJ - Universidade Federal do Rio de Janeiro,Direito,Não,6,8
3348,26,39,UFRJ - Universidade Federal do Rio de Janeiro,Direito,Sim,4,8
3178,17,40,UFRJ - Universidade Federal do Rio de Janeiro,Direito,Não,3,8
3267,6,40,UFRJ - Universidade Federal do Rio de Janeiro,Direito,Sim,7,8
3274,1,40,UFRJ - Universidade Federal do Rio de Janeiro,Direito,Não,1,8
3357,27,41,UFRJ - Universidade Federal do Rio de Janeiro,Direito,Sim,4,8
3367,3,41,UFRJ - Universidade Federal do Rio de Janeiro,Direito,Não,1,8
3149,5,41,UFRJ - Universidade Federal do Rio de Janeiro,Direito,Não,5,8
3322,4,42,UFRJ - Universidade Federal do Rio de Janeiro,Direito,Não,4,8
3245,12,42,UFRJ - Universidade Federal do Rio de Janeiro,Direito,Não,3,8
3211,14,43,UFRJ - Universidade Federal do Rio de Janeiro,Direito,Não,6,8
3351,14,44,UFRJ - Universidade Federal do Rio de Janeiro,Direito,Sim,5,8
3278,4,44,UFRJ - Universidade Federal do Rio de Janeiro,Direito,Não,1,8
3379,13,44,UFRJ - Universidade Federal do Rio de Janeiro,Direito,Não,2,8
3284,11,46,UFRJ - Universidade Federal do Rio de Janeiro,Direito,Não,6,8
3350,10,46,UFRJ - Universidade Federal do Rio de Janeiro,Direito,Não,3,8
3212,16,46,UFRJ - Universidade Federal do Rio de Janeiro,Direito,Não,7,8
3377,1,47,UFRJ - Universidade Federal do Rio de Janeiro,Direito,Não,3,8
3176,4,47,UFRJ - Universidade Federal do Rio de Janeiro,Direito,Não,5,8
3180,22,49,UFRJ - Universidade Federal do Rio de Janeiro,Direito,Sim,2,8
3282,9,50,UFRJ - Universidade Federal do Rio de Janeiro,Direito,Sim,1,8
3315,26,50,UFRJ - Universidade Federal do Rio de Janeiro,Direito,Sim,4,8
3371,4,50,UFRJ - Universidade Federal do Rio de Janeiro,Direito,Não,5,8
3316,8,51,UFRJ - Universidade Federal do Rio de Janeiro,Direito,Não,6,8
3241,11,53,UFRJ - Universidade Federal do Rio de Janeiro,Direito,Não,8,8
3247,9,55,UFRJ - Universidade Federal do Rio de Janeiro,Direito,Não,4,8
3238,10,56,UFRJ - Universidade Federal do Rio de Janeiro,Direito,Não,5,8
3262,17,56,UFRJ - Universidade Federal do Rio de Janeiro,Direito,Não,7,8
3160,7,58,UFRJ - Universidade Federal do Rio de Janeiro,Direito,Não,3,8
3187,5,60,UFRJ - Universidade Federal do Rio de Janeiro,Direito,Não,5,8
3362,6,60,UFRJ - Universidade Federal do Rio de Janeiro,Direito,Não,1,8
3318,21,68,UFRJ - Universidade Federal do Rio de Janeiro,Direito,Sim,5,8
3270,5,74,UFRJ - Universidade Federal do Rio de Janeiro,Direito,Sim,3,8
3375,2,82,UFRJ - Universidade Federal do Rio de Janeiro,Direito,Sim,5,8
3384,16,83,UFRJ - Universidade Federal do Rio de Janeiro,Direito,Sim,6,8
3156,10,85,UFRJ - Universidade Federal do Rio de Janeiro,Direito,Sim,8,8
3299,16,2,UFSC - Universidade Federal de Santa Catarina,Direito,Não,7,8
3295,2,3,UFSC - Universidade Federal de Santa Catarina,Direito,Não,5,8
3226,13,4,UFSC - Universidade Federal de Santa Catarina,Direito,Não,3,8
3194,16,6,UFSC - Universidade Federal de Santa Catarina,Direito,Não,4,8
3288,28,7,UFSC - Universidade Federal de Santa Catarina,Direito,Sim,4,8
3175,5,8,UFSC - Universidade Federal de Santa Catarina,Direito,Não,4,8
3146,14,8,UFSC - Universidade Federal de Santa Catarina,Direito,Não,1,8
3234,24,8,UFSC - Universidade Federal de Santa Catarina,Direito,Sim,2,8
3286,5,10,UFSC - Universidade Federal de Santa Catarina,Direito,Não,7,8
3188,6,10,UFSC - Universidade Federal de Santa Catarina,Direito,Não,3,8
3263,11,11,UFSC - Universidade Federal de Santa Catarina,Direito,Não,7,8
3302,4,11,UFSC - Universidade Federal de Santa Catarina,Direito,Não,5,8
3293,3,13,UFSC - Universidade Federal de Santa Catarina,Direito,Não,3,8
3355,13,13,UFSC - Universidade Federal de Santa Catarina,Direito,Não,4,8
3268,17,13,UFSC - Universidade Federal de Santa Catarina,Direito,Não,2,8
3164,16,14,UFSC - Universidade Federal de Santa Catarina,Direito,Não,3,8
3353,1,15,UFSC - Universidade Federal de Santa Catarina,Direito,Não,3,8
3310,2,16,UFSC - Universidade Federal de Santa Catarina,Direito,Não,6,8
3317,7,16,UFSC - Universidade Federal de Santa Catarina,Direito,Não,8,8
3305,13,16,UFSC - Universidade Federal de Santa Catarina,Direito,Não,3,8
3326,14,17,UFSC - Universidade Federal de Santa Catarina,Direito,Não,7,8
3345,18,17,UFSC - Universidade Federal de Santa Catarina,Direito,Sim,4,8
3232,8,18,UFSC - Universidade Federal de Santa Catarina,Direito,Não,5,8
3325,8,19,UFSC - Universidade Federal de Santa Catarina,Direito,Não,5,8
3172,4,20,UFSC - Universidade Federal de Santa Catarina,Direito,Não,6,8
3154,5,23,UFSC - Universidade Federal de Santa Catarina,Direito,Não,6,8
3208,5,23,UFSC - Universidade Federal de Santa Catarina,Direito,Não,5,8
3251,2,24,UFSC - Universidade Federal de Santa Catarina,Direito,Não,7,8
3342,7,27,UFSC - Universidade Federal de Santa Catarina,Direito,Sim,1,8
3298,11,28,UFSC - Universidade Federal de Santa Catarina,Direito,Não,3,8
3239,2,28,UFSC - Universidade Federal de Santa Catarina,Direito,Não,6,8
3349,13,29,UFSC - Universidade Federal de Santa Catarina,Direito,Não,7,8
3243,11,30,UFSC - Universidade Federal de Santa Catarina,Direito,Sim,5,8
3250,2,33,UFSC - Universidade Federal de Santa Catarina,Direito,Não,6,8
3249,28,33,UFSC - Universidade Federal de Santa Catarina,Direito,Sim,3,8
3336,1,36,UFSC - Universidade Federal de Santa Catarina,Direito,Sim,6,8
3219,15,36,UFSC - Universidade Federal de Santa Catarina,Direito,Sim,3,8
3331,15,37,UFSC - Universidade Federal de Santa Catarina,Direito,Não,3,8
3148,4,38,UFSC - Universidade Federal de Santa Catarina,Direito,Não,7,8
3182,8,38,UFSC - Universidade Federal de Santa Catarina,Direito,Não,4,8
3185,4,40,UFSC - Universidade Federal de Santa Catarina,Direito,Não,5,8
3197,5,41,UFSC - Universidade Federal de Santa Catarina,Direito,Não,8,8
3244,1,42,UFSC - Universidade Federal de Santa Catarina,Direito,Não,1,8
3207,22,42,UFSC - Universidade Federal de Santa Catarina,Direito,Sim,4,8
3303,25,42,UFSC - Universidade Federal de Santa Catarina,Direito,Sim,5,8
3209,2,43,UFSC - Universidade Federal de Santa Catarina,Direito,Não,3,8
3314,4,43,UFSC - Universidade Federal de Santa Catarina,Direito,Não,7,8
3307,12,43,UFSC - Universidade Federal de Santa Catarina,Direito,Não,3,8
3157,17,43,UFSC - Universidade Federal de Santa Catarina,Direito,Não,4,8
3275,5,44,UFSC - Universidade Federal de Santa Catarina,Direito,Não,2,8
3217,13,44,UFSC - Universidade Federal de Santa Catarina,Direito,Não,2,8
3352,14,44,UFSC - Universidade Federal de Santa Catarina,Direito,Não,7,8
3308,14,45,UFSC - Universidade Federal de Santa Catarina,Direito,Não,1,8
3356,6,46,UFSC - Universidade Federal de Santa Catarina,Direito,Não,3,8
3152,4,46,UFSC - Universidade Federal de Santa Catarina,Direito,Não,7,8
3277,17,47,UFSC - Universidade Federal de Santa Catarina,Direito,Não,5,8
3142,4,48,UFSC - Universidade Federal de Santa Catarina,Direito,Não,4,8
3200,17,50,UFSC - Universidade Federal de Santa Catarina,Direito,Não,1,8
3190,1,50,UFSC - Universidade Federal de Santa Catarina,Direito,Não,7,8
3242,2,50,UFSC - Universidade Federal de Santa Catarina,Direito,Não,2,8
3205,1,52,UFSC - Universidade Federal de Santa Catarina,Direito,Não,3,8
3344,8,53,UFSC - Universidade Federal de Santa Catarina,Direito,Não,8,8
3246,8,54,UFSC - Universidade Federal de Santa Catarina,Direito,Sim,4,8
3183,12,54,UFSC - Universidade Federal de Santa Catarina,Direito,Sim,1,8
3264,24,54,UFSC - Universidade Federal de Santa Catarina,Direito,Sim,8,8
3260,11,56,UFSC - Universidade Federal de Santa Catarina,Direito,Não,7,8
3370,1,59,UFSC - Universidade Federal de Santa Catarina,Direito,Não,2,8
3287,8,60,UFSC - Universidade Federal de Santa Catarina,Direito,Não,5,8
3141,20,61,UFSC - Universidade Federal de Santa Catarina,Direito,Sim,3,8
3321,25,65,UFSC - Universidade Federal de Santa Catarina,Direito,Sim,7,8
3258,4,68,UFSC - Universidade Federal de Santa Catarina,Direito,Sim,5,8
3273,4,70,UFSC - Universidade Federal de Santa Catarina,Direito,Sim,4,8
3327,22,72,UFSC - Universidade Federal de Santa Catarina,Direito,Sim,6,8
3324,24,72,UFSC - Universidade Federal de Santa Catarina,Direito,Sim,8,8
3195,4,73,UFSC - Universidade Federal de Santa Catarina,Direito,Sim,6,8
3240,15,78,UFSC - Universidade Federal de Santa Catarina,Direito,Sim,4,8
3201,23,79,UFSC - Universidade Federal de Santa Catarina,Direito,Sim,2,8
3165,26,81,UFSC - Universidade Federal de Santa Catarina,Direito,Sim,5,8
3222,8,84,UFSC - Universidade Federal de Santa Catarina,Direito,Sim,8,8
3300,5,93,UFSC - Universidade Federal de Santa Catarina,Direito,Sim,6,8
3381,4,94,UFSC - Universidade Federal de Santa Catarina,Direito,Sim,7,8
3309,2,95,UFSC - Universidade Federal de Santa Catarina,Direito,Sim,4,8
3144,20,96,UFSC - Universidade Federal de Santa Catarina,Direito,Sim,7,8
3186,15,0,USP - Universidade de São Paulo,Direito,Sim,6,8
3289,17,2,USP - Universidade de São Paulo,Direito,Não,5,8
3191,7,4,USP - Universidade de São Paulo,Direito,Não,4,8
3279,17,4,USP - Universidade de São Paulo,Direito,Sim,1,8
3301,2,6,USP - Universidade de São Paulo,Direito,Não,5,8
3340,15,6,USP - Universidade de São Paulo,Direito,Não,4,8
3359,18,7,USP - Universidade de São Paulo,Direito,Não,6,8
3254,4,7,USP - Universidade de São Paulo,Direito,Não,6,8
3319,17,7,USP - Universidade de São Paulo,Direito,Não,7,8
3206,13,8,USP - Universidade de São Paulo,Direito,Não,5,8
3166,9,10,USP - Universidade de São Paulo,Direito,Não,7,8
3223,10,11,USP - Universidade de São Paulo,Direito,Não,7,8
3225,24,13,USP - Universidade de São Paulo,Direito,Sim,7,8
3169,11,14,USP - Universidade de São Paulo,Direito,Não,6,8
3341,13,16,USP - Universidade de São Paulo,Direito,Não,5,8
3380,13,16,USP - Universidade de São Paulo,Direito,Não,3,8
3216,6,17,USP - Universidade de São Paulo,Direito,Sim,3,8
3334,15,20,USP - Universidade de São Paulo,Direito,Não,6,8
3311,4,21,USP - Universidade de São Paulo,Direito,Não,4,8
3313,7,21,USP - Universidade de São Paulo,Direito,Não,2,8
3266,17,22,USP - Universidade de São Paulo,Direito,Não,3,8
3388,14,23,USP - Universidade de São Paulo,Direito,Não,2,8
3253,12,25,USP - Universidade de São Paulo,Direito,Não,6,8
3386,5,31,USP - Universidade de São Paulo,Direito,Não,5,8
3221,10,33,USP - Universidade de São Paulo,Direito,Não,6,8
3330,6,35,USP - Universidade de São Paulo,Direito,Sim,3,8
3145,8,40,USP - Universidade de São Paulo,Direito,Não,5,8
3304,2,41,USP - Universidade de São Paulo,Direito,Não,4,8
3346,4,41,USP - Universidade de São Paulo,Direito,Não,4,8
3283,1,42,USP - Universidade de São Paulo,Direito,Não,7,8
3369,13,42,USP - Universidade de São Paulo,Direito,Sim,2,8
3296,4,43,USP - Universidade de São Paulo,Direito,Não,4,8
3337,2,44,USP - Universidade de São Paulo,Direito,Não,3,8
3272,4,46,USP - Universidade de São Paulo,Direito,Não,6,8
3292,8,46,USP - Universidade de São Paulo,Direito,Não,5,8
3235,6,50,USP - Universidade de São Paulo,Direito,Não,6,8
3171,23,52,USP - Universidade de São Paulo,Direito,Sim,2,8
3173,13,52,USP - Universidade de São Paulo,Direito,Não,7,8
3147,3,53,USP - Universidade de São Paulo,Direito,Sim,1,8
3159,28,53,USP - Universidade de São Paulo,Direito,Sim,7,8
3174,19,54,USP - Universidade de São Paulo,Direito,Sim,3,8
3215,16,55,USP - Universidade de São Paulo,Direito,Não,8,8
3218,12,56,USP - Universidade de São Paulo,Direito,Não,1,8
3230,18,56,USP - Universidade de São Paulo,Direito,Não,1,8
3189,10,63,USP - Universidade de São Paulo,Direito,Sim,5,8
3162,10,78,USP - Universidade de São Paulo,Direito,Sim,6,8
3881,15,1,UFMG - Universidade Federal de Minas Gerais,Educação Física,Não,6,8
3907,11,3,UFMG - Universidade Federal de Minas Gerais,Educação Física,Não,6,8
3908,17,5,UFMG - Universidade Federal de Minas Gerais,Educação Física,Não,2,8
3947,11,5,UFMG - Universidade Federal de Minas Gerais,Educação Física,Não,1,8
3915,28,10,UFMG - Universidade Federal de Minas Gerais,Educação Física,Sim,1,8
3950,11,11,UFMG - Universidade Federal de Minas Gerais,Educação Física,Não,8,8
3861,9,14,UFMG - Universidade Federal de Minas Gerais,Educação Física,Sim,1,8
3898,10,14,UFMG - Universidade Federal de Minas Gerais,Educação Física,Não,8,8
3916,17,17,UFMG - Universidade Federal de Minas Gerais,Educação Física,Não,6,8
3934,17,20,UFMG - Universidade Federal de Minas Gerais,Educação Física,Não,5,8
3969,21,21,UFMG - Universidade Federal de Minas Gerais,Educação Física,Sim,3,8
3924,6,22,UFMG - Universidade Federal de Minas Gerais,Educação Física,Sim,8,8
3972,26,23,UFMG - Universidade Federal de Minas Gerais,Educação Física,Sim,3,8
3852,16,28,UFMG - Universidade Federal de Minas Gerais,Educação Física,Sim,4,8
3872,4,29,UFMG - Universidade Federal de Minas Gerais,Educação Física,Não,7,8
3954,19,31,UFMG - Universidade Federal de Minas Gerais,Educação Física,Sim,8,8
3993,29,31,UFMG - Universidade Federal de Minas Gerais,Educação Física,Sim,3,8
3959,11,31,UFMG - Universidade Federal de Minas Gerais,Educação Física,Não,3,8
3992,2,33,UFMG - Universidade Federal de Minas Gerais,Educação Física,Não,3,8
3877,2,35,UFMG - Universidade Federal de Minas Gerais,Educação Física,Não,5,8
3854,5,37,UFMG - Universidade Federal de Minas Gerais,Educação Física,Não,3,8
3869,6,43,UFMG - Universidade Federal de Minas Gerais,Educação Física,Não,1,8
3935,14,46,UFMG - Universidade Federal de Minas Gerais,Educação Física,Não,2,8
3953,17,49,UFMG - Universidade Federal de Minas Gerais,Educação Física,Não,4,8
3955,4,49,UFMG - Universidade Federal de Minas Gerais,Educação Física,Não,8,8
3997,5,52,UFMG - Universidade Federal de Minas Gerais,Educação Física,Não,2,8
3884,7,53,UFMG - Universidade Federal de Minas Gerais,Educação Física,Não,5,8
3958,14,53,UFMG - Universidade Federal de Minas Gerais,Educação Física,Não,4,8
3946,13,59,UFMG - Universidade Federal de Minas Gerais,Educação Física,Não,8,8
3960,14,70,UFMG - Universidade Federal de Minas Gerais,Educação Física,Sim,4,8
3990,18,74,UFMG - Universidade Federal de Minas Gerais,Educação Física,Sim,8,8
3855,9,82,UFMG - Universidade Federal de Minas Gerais,Educação Física,Sim,1,8
3966,30,92,UFMG - Universidade Federal de Minas Gerais,Educação Física,Sim,1,8
3867,5,93,UFMG - Universidade Federal de Minas Gerais,Educação Física,Sim,8,8
3873,18,98,UFMG - Universidade Federal de Minas Gerais,Educação Física,Sim,2,8
3889,5,2,UFRJ - Universidade Federal do Rio de Janeiro,Educação Física,Não,8,8
3917,3,5,UFRJ - Universidade Federal do Rio de Janeiro,Educação Física,Não,2,8
3985,12,5,UFRJ - Universidade Federal do Rio de Janeiro,Educação Física,Não,4,8
3912,11,17,UFRJ - Universidade Federal do Rio de Janeiro,Educação Física,Sim,1,8
3909,1,20,UFRJ - Universidade Federal do Rio de Janeiro,Educação Física,Sim,2,8
3970,3,25,UFRJ - Universidade Federal do Rio de Janeiro,Educação Física,Não,3,8
3922,14,26,UFRJ - Universidade Federal do Rio de Janeiro,Educação Física,Não,3,8
3986,1,27,UFRJ - Universidade Federal do Rio de Janeiro,Educação Física,Não,3,8
3961,9,28,UFRJ - Universidade Federal do Rio de Janeiro,Educação Física,Não,4,8
3933,15,36,UFRJ - Universidade Federal do Rio de Janeiro,Educação Física,Sim,8,8
3856,13,38,UFRJ - Universidade Federal do Rio de Janeiro,Educação Física,Não,7,8
3949,8,38,UFRJ - Universidade Federal do Rio de Janeiro,Educação Física,Não,7,8
3980,8,38,UFRJ - Universidade Federal do Rio de Janeiro,Educação Física,Não,4,8
3875,16,38,UFRJ - Universidade Federal do Rio de Janeiro,Educação Física,Não,1,8
3952,2,41,UFRJ - Universidade Federal do Rio de Janeiro,Educação Física,Não,8,8
3923,4,41,UFRJ - Universidade Federal do Rio de Janeiro,Educação Física,Não,5,8
3919,4,44,UFRJ - Universidade Federal do Rio de Janeiro,Educação Física,Não,3,8
3886,12,46,UFRJ - Universidade Federal do Rio de Janeiro,Educação Física,Não,2,8
3853,7,46,UFRJ - Universidade Federal do Rio de Janeiro,Educação Física,Não,6,8
3962,14,47,UFRJ - Universidade Federal do Rio de Janeiro,Educação Física,Não,5,8
3899,8,55,UFRJ - Universidade Federal do Rio de Janeiro,Educação Física,Não,4,8
3937,14,57,UFRJ - Universidade Federal do Rio de Janeiro,Educação Física,Não,7,8
3901,18,58,UFRJ - Universidade Federal do Rio de Janeiro,Educação Física,Não,5,8
3885,19,59,UFRJ - Universidade Federal do Rio de Janeiro,Educação Física,Sim,3,8
3888,24,73,UFRJ - Universidade Federal do Rio de Janeiro,Educação Física,Sim,5,8
3996,26,73,UFRJ - Universidade Federal do Rio de Janeiro,Educação Física,Sim,1,8
3876,18,79,UFRJ - Universidade Federal do Rio de Janeiro,Educação Física,Sim,6,8
3957,24,83,UFRJ - Universidade Federal do Rio de Janeiro,Educação Física,Sim,5,8
3978,5,88,UFRJ - Universidade Federal do Rio de Janeiro,Educação Física,Sim,2,8
3894,10,90,UFRJ - Universidade Federal do Rio de Janeiro,Educação Física,Sim,1,8
3984,24,97,UFRJ - Universidade Federal do Rio de Janeiro,Educação Física,Sim,3,8
3882,23,99,UFRJ - Universidade Federal do Rio de Janeiro,Educação Física,Sim,3,8
3921,4,1,UFSC - Universidade Federal de Santa Catarina,Educação Física,Sim,4,8
3951,24,1,UFSC - Universidade Federal de Santa Catarina,Educação Física,Sim,5,8
3983,10,3,UFSC - Universidade Federal de Santa Catarina,Educação Física,Não,1,8
3857,17,5,UFSC - Universidade Federal de Santa Catarina,Educação Física,Não,6,8
3914,4,5,UFSC - Universidade Federal de Santa Catarina,Educação Física,Não,7,8
3967,11,10,UFSC - Universidade Federal de Santa Catarina,Educação Física,Não,2,8
3874,15,11,UFSC - Universidade Federal de Santa Catarina,Educação Física,Não,6,8
3942,3,11,UFSC - Universidade Federal de Santa Catarina,Educação Física,Sim,1,8
3938,16,11,UFSC - Universidade Federal de Santa Catarina,Educação Física,Não,6,8
3979,6,12,UFSC - Universidade Federal de Santa Catarina,Educação Física,Não,6,8
3870,16,12,UFSC - Universidade Federal de Santa Catarina,Educação Física,Sim,7,8
3981,21,12,UFSC - Universidade Federal de Santa Catarina,Educação Física,Sim,7,8
3926,13,13,UFSC - Universidade Federal de Santa Catarina,Educação Física,Não,7,8
3904,6,14,UFSC - Universidade Federal de Santa Catarina,Educação Física,Não,8,8
3977,16,16,UFSC - Universidade Federal de Santa Catarina,Educação Física,Não,3,8
3911,2,18,UFSC - Universidade Federal de Santa Catarina,Educação Física,Não,8,8
3906,29,18,UFSC - Universidade Federal de Santa Catarina,Educação Física,Sim,5,8
3910,8,19,UFSC - Universidade Federal de Santa Catarina,Educação Física,Não,4,8
3939,22,21,UFSC - Universidade Federal de Santa Catarina,Educação Física,Sim,6,8
3880,18,23,UFSC - Universidade Federal de Santa Catarina,Educação Física,Não,4,8
3974,9,25,UFSC - Universidade Federal de Santa Catarina,Educação Física,Não,8,8
3905,17,25,UFSC - Universidade Federal de Santa Catarina,Educação Física,Não,8,8
3965,8,26,UFSC - Universidade Federal de Santa Catarina,Educação Física,Não,2,8
3862,1,29,UFSC - Universidade Federal de Santa Catarina,Educação Física,Não,2,8
3913,3,29,UFSC - Universidade Federal de Santa Catarina,Educação Física,Não,4,8
3988,1,30,UFSC - Universidade Federal de Santa Catarina,Educação Física,Não,3,8
3887,5,31,UFSC - Universidade Federal de Santa Catarina,Educação Física,Não,2,8
3890,13,32,UFSC - Universidade Federal de Santa Catarina,Educação Física,Não,6,8
3896,10,34,UFSC - Universidade Federal de Santa Catarina,Educação Física,Não,7,8
3971,10,36,UFSC - Universidade Federal de Santa Catarina,Educação Física,Não,2,8
3982,3,40,UFSC - Universidade Federal de Santa Catarina,Educação Física,Não,4,8
3927,11,43,UFSC - Universidade Federal de Santa Catarina,Educação Física,Sim,5,8
3895,16,43,UFSC - Universidade Federal de Santa Catarina,Educação Física,Não,3,8
3931,8,45,UFSC - Universidade Federal de Santa Catarina,Educação Física,Não,8,8
3871,2,46,UFSC - Universidade Federal de Santa Catarina,Educação Física,Não,3,8
3968,4,52,UFSC - Universidade Federal de Santa Catarina,Educação Física,Não,3,8
3940,13,53,UFSC - Universidade Federal de Santa Catarina,Educação Física,Não,8,8
3883,7,54,UFSC - Universidade Federal de Santa Catarina,Educação Física,Não,3,8
3878,15,54,UFSC - Universidade Federal de Santa Catarina,Educação Física,Não,8,8
3989,6,55,UFSC - Universidade Federal de Santa Catarina,Educação Física,Não,4,8
3866,10,56,UFSC - Universidade Federal de Santa Catarina,Educação Física,Não,7,8
3994,11,57,UFSC - Universidade Federal de Santa Catarina,Educação Física,Não,2,8
3858,30,74,UFSC - Universidade Federal de Santa Catarina,Educação Física,Sim,3,8
3975,11,76,UFSC - Universidade Federal de Santa Catarina,Educação Física,Sim,1,8
3945,22,2,USP - Universidade de São Paulo,Educação Física,Sim,6,8
3920,7,7,USP - Universidade de São Paulo,Educação Física,Não,3,8
3879,7,9,USP - Universidade de São Paulo,Educação Física,Sim,3,8
3932,16,9,USP - Universidade de São Paulo,Educação Física,Não,3,8
3893,14,10,USP - Universidade de São Paulo,Educação Física,Não,2,8
3944,4,13,USP - Universidade de São Paulo,Educação Física,Não,6,8
3973,8,14,USP - Universidade de São Paulo,Educação Física,Não,6,8
3859,5,16,USP - Universidade de São Paulo,Educação Física,Não,3,8
3995,6,16,USP - Universidade de São Paulo,Educação Física,Não,1,8
3892,17,16,USP - Universidade de São Paulo,Educação Física,Não,4,8
3860,8,17,USP - Universidade de São Paulo,Educação Física,Não,7,8
3902,6,19,USP - Universidade de São Paulo,Educação Física,Não,5,8
3991,11,19,USP - Universidade de São Paulo,Educação Física,Não,7,8
3863,1,26,USP - Universidade de São Paulo,Educação Física,Não,8,8
3928,14,27,USP - Universidade de São Paulo,Educação Física,Não,8,8
3998,4,31,USP - Universidade de São Paulo,Educação Física,Não,6,8
3868,7,31,USP - Universidade de São Paulo,Educação Física,Não,6,8
3941,1,34,USP - Universidade de São Paulo,Educação Física,Não,5,8
3943,4,40,USP - Universidade de São Paulo,Educação Física,Não,6,8
3865,13,43,USP - Universidade de São Paulo,Educação Física,Não,1,8
3956,11,45,USP - Universidade de São Paulo,Educação Física,Não,6,8
3964,4,48,USP - Universidade de São Paulo,Educação Física,Não,5,8
3864,18,49,USP - Universidade de São Paulo,Educação Física,Sim,1,8
3936,28,55,USP - Universidade de São Paulo,Educação Física,Sim,8,8
3925,2,55,USP - Universidade de São Paulo,Educação Física,Não,4,8
3976,1,56,USP - Universidade de São Paulo,Educação Física,Não,6,8
3929,10,56,USP - Universidade de São Paulo,Educação Física,Não,1,8
3948,28,63,USP - Universidade de São Paulo,Educação Física,Sim,5,8
3963,20,64,USP - Universidade de São Paulo,Educação Física,Sim,7,8
3897,30,65,USP - Universidade de São Paulo,Educação Física,Sim,1,8
3891,11,66,USP - Universidade de São Paulo,Educação Física,Sim,1,8
3903,15,69,USP - Universidade de São Paulo,Educação Física,Sim,8,8
3930,21,76,USP - Universidade de São Paulo,Educação Física,Sim,7,8
3918,8,88,USP - Universidade de São Paulo,Educação Física,Sim,1,8
3987,10,95,USP - Universidade de São Paulo,Educação Física,Sim,2,8
3900,14,100,USP - Universidade de São Paulo,Educação Física,Sim,7,8
3089,18,1,UFMG - Universidade Federal de Minas Gerais,Medicina,Não,1,10
3054,26,2,UFMG - Universidade Federal de Minas Gerais,Medicina,Sim,6,10
3057,9,3,UFMG - Universidade Federal de Minas Gerais,Medicina,Sim,10,10
3077,3,6,UFMG - Universidade Federal de Minas Gerais,Medicina,Não,3,10
3099,5,6,UFMG - Universidade Federal de Minas Gerais,Medicina,Sim,2,10
3028,5,7,UFMG - Universidade Federal de Minas Gerais,Medicina,Não,1,10
3131,14,7,UFMG - Universidade Federal de Minas Gerais,Medicina,Não,4,10
3062,12,8,UFMG - Universidade Federal de Minas Gerais,Medicina,Não,5,10
3129,3,9,UFMG - Universidade Federal de Minas Gerais,Medicina,Sim,1,10
3023,11,9,UFMG - Universidade Federal de Minas Gerais,Medicina,Não,9,10
3105,11,9,UFMG - Universidade Federal de Minas Gerais,Medicina,Sim,8,10
3064,18,9,UFMG - Universidade Federal de Minas Gerais,Medicina,Não,1,10
3063,25,10,UFMG - Universidade Federal de Minas Gerais,Medicina,Sim,8,10
3044,1,12,UFMG - Universidade Federal de Minas Gerais,Medicina,Não,6,10
3135,3,15,UFMG - Universidade Federal de Minas Gerais,Medicina,Sim,5,10
3040,17,16,UFMG - Universidade Federal de Minas Gerais,Medicina,Não,3,10
3065,13,20,UFMG - Universidade Federal de Minas Gerais,Medicina,Não,2,10
3047,13,20,UFMG - Universidade Federal de Minas Gerais,Medicina,Não,10,10
3032,11,25,UFMG - Universidade Federal de Minas Gerais,Medicina,Não,7,10
3086,8,25,UFMG - Universidade Federal de Minas Gerais,Medicina,Não,6,10
3016,7,31,UFMG - Universidade Federal de Minas Gerais,Medicina,Não,2,10
3069,15,37,UFMG - Universidade Federal de Minas Gerais,Medicina,Sim,3,10
3000,29,38,UFMG - Universidade Federal de Minas Gerais,Medicina,Sim,4,10
3033,1,40,UFMG - Universidade Federal de Minas Gerais,Medicina,Sim,4,10
3026,1,40,UFMG - Universidade Federal de Minas Gerais,Medicina,Não,7,10
3061,17,41,UFMG - Universidade Federal de Minas Gerais,Medicina,Não,5,10
3011,17,43,UFMG - Universidade Federal de Minas Gerais,Medicina,Não,1,10
3104,18,44,UFMG - Universidade Federal de Minas Gerais,Medicina,Não,9,10
3137,17,44,UFMG - Universidade Federal de Minas Gerais,Medicina,Não,10,10
3053,7,47,UFMG - Universidade Federal de Minas Gerais,Medicina,Não,6,10
3005,7,50,UFMG - Universidade Federal de Minas Gerais,Medicina,Não,1,10
3139,16,52,UFMG - Universidade Federal de Minas Gerais,Medicina,Não,9,10
3073,12,52,UFMG - Universidade Federal de Minas Gerais,Medicina,Não,8,10
3041,8,53,UFMG - Universidade Federal de Minas Gerais,Medicina,Não,6,10
3021,19,56,UFMG - Universidade Federal de Minas Gerais,Medicina,Sim,4,10
3109,8,57,UFMG - Universidade Federal de Minas Gerais,Medicina,Não,7,10
3059,18,57,UFMG - Universidade Federal de Minas Gerais,Medicina,Não,9,10
3024,9,61,UFMG - Universidade Federal de Minas Gerais,Medicina,Sim,9,10
3091,17,0,UFRJ - Universidade Federal do Rio de Janeiro,Medicina,Não,1,10
3133,11,1,UFRJ - Universidade Federal do Rio de Janeiro,Medicina,Não,6,10
3122,8,2,UFRJ - Universidade Federal do Rio de Janeiro,Medicina,Não,4,10
3127,10,2,UFRJ - Universidade Federal do Rio de Janeiro,Medicina,Não,1,10
3058,5,6,UFRJ - Universidade Federal do Rio de Janeiro,Medicina,Não,3,10
3071,8,10,UFRJ - Universidade Federal do Rio de Janeiro,Medicina,Não,5,10
3025,7,11,UFRJ - Universidade Federal do Rio de Janeiro,Medicina,Não,7,10
3006,28,14,UFRJ - Universidade Federal do Rio de Janeiro,Medicina,Sim,7,10
3132,1,20,UFRJ - Universidade Federal do Rio de Janeiro,Medicina,Sim,7,10
3118,5,20,UFRJ - Universidade Federal do Rio de Janeiro,Medicina,Não,7,10
3083,1,23,UFRJ - Universidade Federal do Rio de Janeiro,Medicina,Não,10,10
3079,16,23,UFRJ - Universidade Federal do Rio de Janeiro,Medicina,Não,4,10
3035,11,34,UFRJ - Universidade Federal do Rio de Janeiro,Medicina,Não,5,10
3111,27,35,UFRJ - Universidade Federal do Rio de Janeiro,Medicina,Sim,10,10
3130,5,38,UFRJ - Universidade Federal do Rio de Janeiro,Medicina,Não,4,10
3080,4,39,UFRJ - Universidade Federal do Rio de Janeiro,Medicina,Não,4,10
3004,14,40,UFRJ - Universidade Federal do Rio de Janeiro,Medicina,Não,5,10
3074,16,41,UFRJ - Universidade Federal do Rio de Janeiro,Medicina,Não,8,10
3068,1,42,UFRJ - Universidade Federal do Rio de Janeiro,Medicina,Não,9,10
3125,10,49,UFRJ - Universidade Federal do Rio de Janeiro,Medicina,Não,3,10
3013,10,50,UFRJ - Universidade Federal do Rio de Janeiro,Medicina,Não,1,10
3045,19,50,UFRJ - Universidade Federal do Rio de Janeiro,Medicina,Sim,3,10
3120,1,51,UFRJ - Universidade Federal do Rio de Janeiro,Medicina,Sim,1,10
3113,2,55,UFRJ - Universidade Federal do Rio de Janeiro,Medicina,Não,5,10
3002,3,56,UFRJ - Universidade Federal do Rio de Janeiro,Medicina,Não,5,10
3031,7,57,UFRJ - Universidade Federal do Rio de Janeiro,Medicina,Não,3,10
3110,4,58,UFRJ - Universidade Federal do Rio de Janeiro,Medicina,Não,7,10
3081,22,68,UFRJ - Universidade Federal do Rio de Janeiro,Medicina,Sim,4,10
3096,18,77,UFRJ - Universidade Federal do Rio de Janeiro,Medicina,Sim,7,10
3093,22,80,UFRJ - Universidade Federal do Rio de Janeiro,Medicina,Sim,9,10
3048,13,83,UFRJ - Universidade Federal do Rio de Janeiro,Medicina,Sim,3,10
3138,12,1,UFSC - Universidade Federal de Santa Catarina,Medicina,Sim,4,10
3015,25,1,UFSC - Universidade Federal de Santa Catarina,Medicina,Sim,8,10
3008,13,2,UFSC - Universidade Federal de Santa Catarina,Medicina,Não,4,10
3046,2,5,UFSC - Universidade Federal de Santa Catarina,Medicina,Não,6,10
3049,4,5,UFSC - Universidade Federal de Santa Catarina,Medicina,Não,3,10
3092,2,5,UFSC - Universidade Federal de Santa Catarina,Medicina,Não,4,10
3050,13,6,UFSC - Universidade Federal de Santa Catarina,Medicina,Não,5,10
3088,12,7,UFSC - Universidade Federal de Santa Catarina,Medicina,Não,3,10
3106,4,8,UFSC - Universidade Federal de Santa Catarina,Medicina,Não,8,10
3134,9,8,UFSC - Universidade Federal de Santa Catarina,Medicina,Não,4,10
3100,10,8,UFSC - Universidade Federal de Santa Catarina,Medicina,Não,10,10
3067,1,10,UFSC - Universidade Federal de Santa Catarina,Medicina,Não,6,10
3087,3,10,UFSC - Universidade Federal de Santa Catarina,Medicina,Sim,4,10
3017,8,12,UFSC - Universidade Federal de Santa Catarina,Medicina,Não,7,10
3102,13,12,UFSC - Universidade Federal de Santa Catarina,Medicina,Sim,5,10
3039,24,13,UFSC - Universidade Federal de Santa Catarina,Medicina,Sim,9,10
3085,8,16,UFSC - Universidade Federal de Santa Catarina,Medicina,Não,8,10
3124,8,18,UFSC - Universidade Federal de Santa Catarina,Medicina,Não,3,10
3094,13,18,UFSC - Universidade Federal de Santa Catarina,Medicina,Não,2,10
3075,14,18,UFSC - Universidade Federal de Santa Catarina,Medicina,Sim,8,10
3060,14,19,UFSC - Universidade Federal de Santa Catarina,Medicina,Sim,5,10
3001,5,23,UFSC - Universidade Federal de Santa Catarina,Medicina,Não,3,10
3037,10,24,UFSC - Universidade Federal de Santa Catarina,Medicina,Não,2,10
3126,14,26,UFSC - Universidade Federal de Santa Catarina,Medicina,Sim,5,10
3117,26,26,UFSC - Universidade Federal de Santa Catarina,Medicina,Sim,3,10
3043,17,34,UFSC - Universidade Federal de Santa Catarina,Medicina,Não,8,10
3140,17,37,UFSC - Universidade Federal de Santa Catarina,Medicina,Não,2,10
3018,21,37,UFSC - Universidade Federal de Santa Catarina,Medicina,Sim,9,10
3014,4,37,UFSC - Universidade Federal de Santa Catarina,Medicina,Não,4,10
3097,10,40,UFSC - Universidade Federal de Santa Catarina,Medicina,Não,3,10
3019,17,43,UFSC - Universidade Federal de Santa Catarina,Medicina,Não,3,10
3038,18,43,UFSC - Universidade Federal de Santa Catarina,Medicina,Não,3,10
3101,5,44,UFSC - Universidade Federal de Santa Catarina,Medicina,Não,7,10
3107,10,44,UFSC - Universidade Federal de Santa Catarina,Medicina,Não,4,10
3136,11,45,UFSC - Universidade Federal de Santa Catarina,Medicina,Não,1,10
3070,3,46,UFSC - Universidade Federal de Santa Catarina,Medicina,Não,3,10
3103,11,50,UFSC - Universidade Federal de Santa Catarina,Medicina,Não,2,10
3052,13,51,UFSC - Universidade Federal de Santa Catarina,Medicina,Não,4,10
3121,14,51,UFSC - Universidade Federal de Santa Catarina,Medicina,Não,10,10
3027,3,54,UFSC - Universidade Federal de Santa Catarina,Medicina,Sim,6,10
3128,4,58,UFSC - Universidade Federal de Santa Catarina,Medicina,Não,6,10
3082,8,58,UFSC - Universidade Federal de Santa Catarina,Medicina,Não,8,10
3042,26,58,UFSC - Universidade Federal de Santa Catarina,Medicina,Sim,7,10
3072,28,63,UFSC - Universidade Federal de Santa Catarina,Medicina,Sim,2,10
3030,5,77,UFSC - Universidade Federal de Santa Catarina,Medicina,Sim,9,10
3066,2,82,UFSC - Universidade Federal de Santa Catarina,Medicina,Sim,2,10
3003,24,97,UFSC - Universidade Federal de Santa Catarina,Medicina,Sim,5,10
3009,10,98,UFSC - Universidade Federal de Santa Catarina,Medicina,Sim,10,10
3076,13,3,USP - Universidade de São Paulo,Medicina,Não,8,10
3029,17,4,USP - Universidade de São Paulo,Medicina,Não,3,10
3116,12,8,USP - Universidade de São Paulo,Medicina,Não,2,10
3115,14,10,USP - Universidade de São Paulo,Medicina,Não,10,10
3010,4,19,USP - Universidade de São Paulo,Medicina,Não,4,10
3112,14,21,USP - Universidade de São Paulo,Medicina,Não,6,10
3056,17,22,USP - Universidade de São Paulo,Medicina,Não,6,10
3098,4,23,USP - Universidade de São Paulo,Medicina,Não,2,10
3119,16,26,USP - Universidade de São Paulo,Medicina,Não,2,10
3055,2,38,USP - Universidade de São Paulo,Medicina,Não,1,10
3022,4,40,USP - Universidade de São Paulo,Medicina,Não,6,10
3034,1,50,USP - Universidade de São Paulo,Medicina,Não,8,10
3095,11,52,USP - Universidade de São Paulo,Medicina,Não,7,10
3078,2,55,USP - Universidade de São Paulo,Medicina,Sim,5,10
3007,16,56,USP - Universidade de São Paulo,Medicina,Não,4,10
3020,11,57,USP - Universidade de São Paulo,Medicina,Não,8,10
3084,29,60,USP - Universidade de São Paulo,Medicina,Sim,4,10
3108,8,62,USP - Universidade de São Paulo,Medicina,Sim,5,10
3012,4,67,USP - Universidade de São Paulo,Medicina,Sim,5,10
3051,2,81,USP - Universidade de São Paulo,Medicina,Sim,9,10
3123,23,83,USP - Universidade de São Paulo,Medicina,Sim,9,10
3090,11,84,USP - Universidade de São Paulo,Medicina,Sim,10,10
3036,8,92,USP - Universidade de São Paulo,Medicina,Sim,1,10
3114,1,97,USP - Universidade de São Paulo,Medicina,Sim,5,10
3710,5,7,UFMG - Universidade Federal de Minas Gerais,Pedagogia,Não,2,8
3790,5,9,UFMG - Universidade Federal de Minas Gerais,Pedagogia,Não,8,8
3733,8,11,UFMG - Universidade Federal de Minas Gerais,Pedagogia,Não,3,8
3847,14,11,UFMG - Universidade Federal de Minas Gerais,Pedagogia,Não,6,8
3694,5,12,UFMG - Universidade Federal de Minas Gerais,Pedagogia,Não,7,8
3741,10,13,UFMG - Universidade Federal de Minas Gerais,Pedagogia,Sim,3,8
3845,11,14,UFMG - Universidade Federal de Minas Gerais,Pedagogia,Não,6,8
3788,3,17,UFMG - Universidade Federal de Minas Gerais,Pedagogia,Não,7,8
3742,1,20,UFMG - Universidade Federal de Minas Gerais,Pedagogia,Não,3,8
3814,4,20,UFMG - Universidade Federal de Minas Gerais,Pedagogia,Não,5,8
3757,13,22,UFMG - Universidade Federal de Minas Gerais,Pedagogia,Não,6,8
3762,22,23,UFMG - Universidade Federal de Minas Gerais,Pedagogia,Sim,2,8
3695,16,24,UFMG - Universidade Federal de Minas Gerais,Pedagogia,Não,5,8
3693,23,25,UFMG - Universidade Federal de Minas Gerais,Pedagogia,Sim,4,8
3749,4,27,UFMG - Universidade Federal de Minas Gerais,Pedagogia,Não,8,8
3837,4,27,UFMG - Universidade Federal de Minas Gerais,Pedagogia,Sim,1,8
3730,11,28,UFMG - Universidade Federal de Minas Gerais,Pedagogia,Não,5,8
3713,14,30,UFMG - Universidade Federal de Minas Gerais,Pedagogia,Não,5,8
3771,22,31,UFMG - Universidade Federal de Minas Gerais,Pedagogia,Sim,8,8
3692,4,31,UFMG - Universidade Federal de Minas Gerais,Pedagogia,Não,7,8
3763,9,31,UFMG - Universidade Federal de Minas Gerais,Pedagogia,Não,3,8
3802,8,32,UFMG - Universidade Federal de Minas Gerais,Pedagogia,Não,2,8
3779,7,33,UFMG - Universidade Federal de Minas Gerais,Pedagogia,Não,7,8
3805,1,34,UFMG - Universidade Federal de Minas Gerais,Pedagogia,Não,1,8
3794,10,37,UFMG - Universidade Federal de Minas Gerais,Pedagogia,Não,4,8
3766,15,37,UFMG - Universidade Federal de Minas Gerais,Pedagogia,Não,3,8
3803,16,38,UFMG - Universidade Federal de Minas Gerais,Pedagogia,Não,7,8
3792,13,38,UFMG - Universidade Federal de Minas Gerais,Pedagogia,Sim,8,8
3717,16,39,UFMG - Universidade Federal de Minas Gerais,Pedagogia,Sim,1,8
3841,1,41,UFMG - Universidade Federal de Minas Gerais,Pedagogia,Não,3,8
3751,7,43,UFMG - Universidade Federal de Minas Gerais,Pedagogia,Não,4,8
3838,17,43,UFMG - Universidade Federal de Minas Gerais,Pedagogia,Não,8,8
3830,2,44,UFMG - Universidade Federal de Minas Gerais,Pedagogia,Não,4,8
3786,21,45,UFMG - Universidade Federal de Minas Gerais,Pedagogia,Sim,3,8
3809,15,48,UFMG - Universidade Federal de Minas Gerais,Pedagogia,Não,6,8
3702,13,52,UFMG - Universidade Federal de Minas Gerais,Pedagogia,Sim,2,8
3767,1,54,UFMG - Universidade Federal de Minas Gerais,Pedagogia,Não,7,8
3839,2,54,UFMG - Universidade Federal de Minas Gerais,Pedagogia,Não,6,8
3817,7,58,UFMG - Universidade Federal de Minas Gerais,Pedagogia,Não,7,8
3835,10,59,UFMG - Universidade Federal de Minas Gerais,Pedagogia,Não,7,8
3810,11,59,UFMG - Universidade Federal de Minas Gerais,Pedagogia,Sim,6,8
3797,11,60,UFMG - Universidade Federal de Minas Gerais,Pedagogia,Não,8,8
3816,13,67,UFMG - Universidade Federal de Minas Gerais,Pedagogia,Sim,5,8
3768,14,71,UFMG - Universidade Federal de Minas Gerais,Pedagogia,Sim,1,8
3849,16,81,UFMG - Universidade Federal de Minas Gerais,Pedagogia,Sim,6,8
3843,25,83,UFMG - Universidade Federal de Minas Gerais,Pedagogia,Sim,4,8
3831,25,96,UFMG - Universidade Federal de Minas Gerais,Pedagogia,Sim,1,8
3785,16,0,UFRJ - Universidade Federal do Rio de Janeiro,Pedagogia,Não,5,8
3711,7,3,UFRJ - Universidade Federal do Rio de Janeiro,Pedagogia,Sim,4,8
3764,17,8,UFRJ - Universidade Federal do Rio de Janeiro,Pedagogia,Não,8,8
3727,17,11,UFRJ - Universidade Federal do Rio de Janeiro,Pedagogia,Não,4,8
3807,6,12,UFRJ - Universidade Federal do Rio de Janeiro,Pedagogia,Sim,1,8
3829,1,13,UFRJ - Universidade Federal do Rio de Janeiro,Pedagogia,Não,7,8
3825,15,17,UFRJ - Universidade Federal do Rio de Janeiro,Pedagogia,Sim,6,8
3716,4,19,UFRJ - Universidade Federal do Rio de Janeiro,Pedagogia,Não,3,8
3747,20,20,UFRJ - Universidade Federal do Rio de Janeiro,Pedagogia,Sim,8,8
3754,14,22,UFRJ - Universidade Federal do Rio de Janeiro,Pedagogia,Não,1,8
3770,16,23,UFRJ - Universidade Federal do Rio de Janeiro,Pedagogia,Não,6,8
3707,15,26,UFRJ - Universidade Federal do Rio de Janeiro,Pedagogia,Não,5,8
3718,12,31,UFRJ - Universidade Federal do Rio de Janeiro,Pedagogia,Não,6,8
3772,5,31,UFRJ - Universidade Federal do Rio de Janeiro,Pedagogia,Não,7,8
3712,6,31,UFRJ - Universidade Federal do Rio de Janeiro,Pedagogia,Não,6,8
3736,10,32,UFRJ - Universidade Federal do Rio de Janeiro,Pedagogia,Não,3,8
3844,4,34,UFRJ - Universidade Federal do Rio de Janeiro,Pedagogia,Não,4,8
3791,4,40,UFRJ - Universidade Federal do Rio de Janeiro,Pedagogia,Não,2,8
3746,13,44,UFRJ - Universidade Federal do Rio de Janeiro,Pedagogia,Não,7,8
3818,13,45,UFRJ - Universidade Federal do Rio de Janeiro,Pedagogia,Não,6,8
3775,8,46,UFRJ - Universidade Federal do Rio de Janeiro,Pedagogia,Não,5,8
3776,1,47,UFRJ - Universidade Federal do Rio de Janeiro,Pedagogia,Não,4,8
3813,17,48,UFRJ - Universidade Federal do Rio de Janeiro,Pedagogia,Sim,7,8
3722,2,49,UFRJ - Universidade Federal do Rio de Janeiro,Pedagogia,Não,8,8
3699,11,49,UFRJ - Universidade Federal do Rio de Janeiro,Pedagogia,Sim,3,8
3753,26,51,UFRJ - Universidade Federal do Rio de Janeiro,Pedagogia,Sim,8,8
3846,12,56,UFRJ - Universidade Federal do Rio de Janeiro,Pedagogia,Sim,1,8
3758,1,59,UFRJ - Universidade Federal do Rio de Janeiro,Pedagogia,Não,8,8
3720,17,61,UFRJ - Universidade Federal do Rio de Janeiro,Pedagogia,Sim,3,8
3822,27,61,UFRJ - Universidade Federal do Rio de Janeiro,Pedagogia,Sim,8,8
3828,23,64,UFRJ - Universidade Federal do Rio de Janeiro,Pedagogia,Sim,7,8
3834,1,65,UFRJ - Universidade Federal do Rio de Janeiro,Pedagogia,Sim,3,8
3819,7,75,UFRJ - Universidade Federal do Rio de Janeiro,Pedagogia,Sim,8,8
3696,22,77,UFRJ - Universidade Federal do Rio de Janeiro,Pedagogia,Sim,8,8
3723,27,88,UFRJ - Universidade Federal do Rio de Janeiro,Pedagogia,Sim,6,8
3759,19,96,UFRJ - Universidade Federal do Rio de Janeiro,Pedagogia,Sim,2,8
3750,4,100,UFRJ - Universidade Federal do Rio de Janeiro,Pedagogia,Sim,8,8
3812,9,2,UFSC - Universidade Federal de Santa Catarina,Pedagogia,Não,2,8
3815,11,5,UFSC - Universidade Federal de Santa Catarina,Pedagogia,Não,7,8
3774,7,6,UFSC - Universidade Federal de Santa Catarina,Pedagogia,Sim,8,8
3728,14,7,UFSC - Universidade Federal de Santa Catarina,Pedagogia,Não,7,8
3729,24,7,UFSC - Universidade Federal de Santa Catarina,Pedagogia,Sim,3,8
3740,6,11,UFSC - Universidade Federal de Santa Catarina,Pedagogia,Não,2,8
3773,14,11,UFSC - Universidade Federal de Santa Catarina,Pedagogia,Não,7,8
3714,6,12,UFSC - Universidade Federal de Santa Catarina,Pedagogia,Sim,4,8
3782,17,13,UFSC - Universidade Federal de Santa Catarina,Pedagogia,Não,6,8
3793,5,14,UFSC - Universidade Federal de Santa Catarina,Pedagogia,Não,7,8
3850,14,14,UFSC - Universidade Federal de Santa Catarina,Pedagogia,Não,8,8
3706,5,16,UFSC - Universidade Federal de Santa Catarina,Pedagogia,Não,4,8
3700,5,17,UFSC - Universidade Federal de Santa Catarina,Pedagogia,Não,2,8
3821,11,18,UFSC - Universidade Federal de Santa Catarina,Pedagogia,Não,2,8
3826,7,19,UFSC - Universidade Federal de Santa Catarina,Pedagogia,Não,6,8
3840,14,19,UFSC - Universidade Federal de Santa Catarina,Pedagogia,Sim,5,8
3842,16,22,UFSC - Universidade Federal de Santa Catarina,Pedagogia,Não,8,8
3738,29,22,UFSC - Universidade Federal de Santa Catarina,Pedagogia,Sim,3,8
3744,25,28,UFSC - Universidade Federal de Santa Catarina,Pedagogia,Sim,6,8
3808,17,29,UFSC - Universidade Federal de Santa Catarina,Pedagogia,Não,7,8
3761,11,29,UFSC - Universidade Federal de Santa Catarina,Pedagogia,Não,5,8
3731,8,30,UFSC - Universidade Federal de Santa Catarina,Pedagogia,Não,8,8
3737,16,30,UFSC - Universidade Federal de Santa Catarina,Pedagogia,Não,1,8
3823,10,33,UFSC - Universidade Federal de Santa Catarina,Pedagogia,Não,5,8
3811,17,42,UFSC - Universidade Federal de Santa Catarina,Pedagogia,Não,6,8
3824,4,44,UFSC - Universidade Federal de Santa Catarina,Pedagogia,Não,4,8
3725,9,49,UFSC - Universidade Federal de Santa Catarina,Pedagogia,Não,6,8
3800,5,49,UFSC - Universidade Federal de Santa Catarina,Pedagogia,Não,1,8
3801,10,51,UFSC - Universidade Federal de Santa Catarina,Pedagogia,Sim,2,8
3743,1,54,UFSC - Universidade Federal de Santa Catarina,Pedagogia,Não,3,8
3703,9,54,UFSC - Universidade Federal de Santa Catarina,Pedagogia,Não,7,8
3833,14,54,UFSC - Universidade Federal de Santa Catarina,Pedagogia,Não,7,8
3851,16,54,UFSC - Universidade Federal de Santa Catarina,Pedagogia,Não,7,8
3783,3,55,UFSC - Universidade Federal de Santa Catarina,Pedagogia,Sim,1,8
3836,11,56,UFSC - Universidade Federal de Santa Catarina,Pedagogia,Não,8,8
3697,2,56,UFSC - Universidade Federal de Santa Catarina,Pedagogia,Não,8,8
3701,16,57,UFSC - Universidade Federal de Santa Catarina,Pedagogia,Não,8,8
3806,18,58,UFSC - Universidade Federal de Santa Catarina,Pedagogia,Não,8,8
3760,1,59,UFSC - Universidade Federal de Santa Catarina,Pedagogia,Não,6,8
3778,13,59,UFSC - Universidade Federal de Santa Catarina,Pedagogia,Não,2,8
3789,21,71,UFSC - Universidade Federal de Santa Catarina,Pedagogia,Sim,8,8
3804,5,79,UFSC - Universidade Federal de Santa Catarina,Pedagogia,Sim,6,8
3732,6,82,UFSC - Universidade Federal de Santa Catarina,Pedagogia,Sim,1,8
3690,17,87,UFSC - Universidade Federal de Santa Catarina,Pedagogia,Sim,3,8
3705,17,91,UFSC - Universidade Federal de Santa Catarina,Pedagogia,Sim,6,8
3756,19,92,UFSC - Universidade Federal de Santa Catarina,Pedagogia,Sim,8,8
3848,2,0,USP - Universidade de São Paulo,Pedagogia,Não,3,8
3724,6,1,USP - Universidade de São Paulo,Pedagogia,Não,8,8
3787,10,5,USP - Universidade de São Paulo,Pedagogia,Não,5,8
3721,15,5,USP - Universidade de São Paulo,Pedagogia,Não,6,8
3734,14,9,USP - Universidade de São Paulo,Pedagogia,Não,7,8
3795,28,10,USP - Universidade de São Paulo,Pedagogia,Sim,6,8
3765,14,13,USP - Universidade de São Paulo,Pedagogia,Sim,3,8
3799,4,22,USP - Universidade de São Paulo,Pedagogia,Não,6,8
3769,6,27,USP - Universidade de São Paulo,Pedagogia,Não,6,8
3719,11,30,USP - Universidade de São Paulo,Pedagogia,Não,6,8
3755,5,32,USP - Universidade de São Paulo,Pedagogia,Não,5,8
3715,2,35,USP - Universidade de São Paulo,Pedagogia,Não,6,8
3691,4,36,USP - Universidade de São Paulo,Pedagogia,Não,7,8
3709,11,37,USP - Universidade de São Paulo,Pedagogia,Não,1,8
3820,18,38,USP - Universidade de São Paulo,Pedagogia,Não,6,8
3796,4,40,USP - Universidade de São Paulo,Pedagogia,Não,1,8
3827,7,40,USP - Universidade de São Paulo,Pedagogia,Não,1,8
3781,8,40,USP - Universidade de São Paulo,Pedagogia,Não,3,8
3748,17,41,USP - Universidade de São Paulo,Pedagogia,Não,8,8
3726,21,46,USP - Universidade de São Paulo,Pedagogia,Sim,2,8
3832,17,47,USP - Universidade de São Paulo,Pedagogia,Não,4,8
3704,16,48,USP - Universidade de São Paulo,Pedagogia,Não,2,8
3777,14,50,USP - Universidade de São Paulo,Pedagogia,Sim,2,8
3752,1,50,USP - Universidade de São Paulo,Pedagogia,Não,3,8
3739,9,53,USP - Universidade de São Paulo,Pedagogia,Não,6,8
3784,1,57,USP - Universidade de São Paulo,Pedagogia,Não,1,8
3745,1,57,USP - Universidade de São Paulo,Pedagogia,Não,8,8
3698,16,57,USP - Universidade de São Paulo,Pedagogia,Não,6,8
3708,24,61,USP - Universidade de São Paulo,Pedagogia,Sim,2,8
3798,22,63,USP - Universidade de São Paulo,Pedagogia,Sim,2,8
3780,14,68,USP - Universidade de São Paulo,Pedagogia,Sim,2,8
3735,17,70,USP - Universidade de São Paulo,Pedagogia,Sim,6,8